customer_id,first_name,last_name,email,phone
1,Brian,Clarke,theodoremoreno@example.net,+1-580-585-7848x831
2,Elizabeth,Salazar,heather21@example.com,501.946.5298x556
3,Ryan,Chang,sheila56@example.org,001-404-354-9813x431
4,Donald,Doyle,alicia39@example.org,+1-917-289-7420x26387
5,Cynthia,Valenzuela,matthewmiller@example.net,+1-808-663-1049x52147
6,Bianca,Kim,margaretvasquez@example.com,5155918043
7,Stanley,Page,rmay@example.com,+1-342-932-9252
8,Kayla,Smith,rhardy@example.org,(632)887-9759
9,Isabella,Lynn,pachecoashley@example.net,(715)254-1085
10,Samantha,Gonzalez,scott09@example.org,(650)704-8279x592
11,James,Carter,michael21@example.net,344-915-9065
12,Virginia,Meyer,christopherflores@example.net,(495)281-7291x3452
13,Ryan,Daniels,melissa90@example.com,(864)941-4694x20900
14,Meghan,Baker,stephenskenneth@example.org,+1-937-565-7064x1922
15,Sheila,Rodriguez,dawn64@example.com,001-239-832-8362x10931
16,Colleen,Ortiz,mikayla68@example.org,(918)508-2609x1245
17,Christina,Turner,leonzavala@example.com,(472)516-3274x799
18,Rebecca,Sullivan,reyesmia@example.com,+1-665-660-4131x9270
19,Christopher,Hester,martinedwards@example.org,675.349.6496x1587
20,Frank,Roth,dennis10@example.com,739-380-8581x275
21,Robert,Hubbard,fgilbert@example.com,001-558-720-4340x544
22,Matthew,White,miranda10@example.net,773-218-9909
23,Christina,Mcintyre,tara84@example.net,(721)501-5510x35429
24,Elizabeth,Wilson,youngphilip@example.net,001-997-267-9057x24897
25,Robert,Holder,hvance@example.com,001-815-400-0912
26,Alicia,Gonzalez,gutierrezdeanna@example.net,656-242-1400
27,Jessica,Hansen,jordanpaige@example.org,+1-367-371-0797x9798
28,Dana,Pena,wyattnatalie@example.org,308-884-7290
29,Jeffrey,Lambert,nwoods@example.net,743-506-1392x66905
30,Stacy,Vasquez,cheryl65@example.com,309.869.6968
31,Christine,Edwards,carterandrew@example.org,(218)714-3657x97663
32,Mindy,Adams,bpatton@example.net,+1-384-289-3327x60687
33,Victoria,Sanchez,matthewmorris@example.net,001-274-251-2238x6314
34,Tina,Allen,morgan55@example.com,6146855617
35,Jay,Smith,jessicaanthony@example.org,(273)265-7953
36,Donna,Faulkner,marshallanthony@example.com,+1-270-831-1422x847
37,Gabriel,Martinez,usanders@example.com,568.466.6603x868
38,John,Mccullough,paula86@example.net,+1-947-586-3742x26050
39,Mark,Martinez,bmoreno@example.com,320.959.8730
40,Thomas,Walker,cohendavid@example.org,+1-339-418-0558x3440
41,Sarah,Smith,barrysamuel@example.com,3509360679
42,Matthew,Arroyo,joseph13@example.net,001-226-544-3310x577
43,Frederick,Lopez,macdonaldamanda@example.net,3439172757
44,Cameron,Cooper,amandacurtis@example.org,8384511084
45,Kenneth,Daniels,bharvey@example.net,317-273-0071
46,Ashley,Anderson,edavis@example.com,4595643758
47,James,Riley,dlewis@example.net,(923)457-5602x487
48,Alicia,Strong,mcarter@example.net,882-634-8926
49,Allison,Brown,sharonsolis@example.org,5699332819
50,Robert,Ferguson,georgephillip@example.com,001-223-634-9120
51,Taylor,Parker,williamschristine@example.net,403.853.1167
52,Victoria,Gutierrez,stephen52@example.org,(967)279-8288
53,Alan,Washington,tara14@example.com,001-560-263-6791
54,Jennifer,Blair,robertpatel@example.com,462-872-9990
55,Duane,Long,lcaldwell@example.net,442-249-2137x62911
56,Ashley,Downs,caitlintucker@example.net,975.746.9006x66710
57,Jessica,Morgan,cynthia80@example.org,001-810-589-3431x1464
58,Ashley,Lopez,vmoore@example.com,9653184767
59,Pamela,Perkins,wilkersonjessica@example.com,001-361-708-2587
60,Alexandra,Sparks,vanessa01@example.net,001-713-549-5839x25536
61,Kimberly,Holland,rstokes@example.net,001-391-547-4344x1616
62,Jennifer,Patterson,megangordon@example.org,632-410-7481
63,Isabella,Hansen,michellewilliams@example.com,+1-373-748-7680x627
64,Sarah,Riley,mhernandez@example.org,658-393-2450
65,Mackenzie,White,andrea24@example.net,(933)657-8420x4791
66,Jessica,Blake,brenda40@example.org,663.357.8595x257
67,Erica,Graham,martinezmichael@example.net,(463)425-4928x313
68,Jeffrey,Patterson,tsmith@example.org,+1-399-839-7623
69,Rhonda,Washington,sarahjones@example.org,(777)588-5763x43411
70,Douglas,Fitzpatrick,mariojackson@example.com,001-273-595-0499x851
71,Teresa,Martinez,robersonalan@example.org,001-742-344-2837x81143
72,Kenneth,Jones,bryantmelissa@example.org,8284681608
73,Robert,Patrick,lgonzalez@example.com,+1-554-587-5855x5922
74,Briana,Williams,bjames@example.org,+1-749-258-0770x4266
75,Terri,Mueller,kelly18@example.org,605.824.4254
76,Timothy,Caldwell,mhiggins@example.net,001-594-803-3708
77,Megan,Bolton,fdavenport@example.com,001-881-241-5848x9522
78,Jennifer,Flores,chase91@example.org,001-256-965-1843
79,Mary,Vincent,emilyvillarreal@example.org,561.558.6074
80,Martha,Vincent,evansmark@example.com,9865843030
81,Selena,Espinoza,wilsonrachel@example.com,755.727.3691
82,Tyler,Jones,vwhite@example.net,813-741-2889x53275
83,Carl,Mckee,dgibson@example.com,992.431.6030
84,Mary,Vazquez,lisahale@example.org,+1-708-920-5696
85,Michelle,Mathews,stephaniebell@example.org,001-721-678-0888x69508
86,Andrew,Robbins,robertparsons@example.com,+1-401-694-3485x955
87,Christine,Ortega,matthew29@example.org,+1-578-497-6777
88,Diane,Mendez,bgonzales@example.com,(417)630-2707x29217
89,Devin,Brown,nicolepollard@example.org,(804)282-8998x72764
90,William,Oconnor,jeanproctor@example.org,(839)422-7988
91,Ryan,Brooks,maryavila@example.net,862.684.6425
92,Tyler,Quinn,teresa87@example.com,+1-288-872-4662x8647
93,Laura,Martin,scottlee@example.net,+1-514-697-7380x0551
94,Jaime,Williams,nmoore@example.org,(266)341-7336x9783
95,Jason,Hayes,adamstracy@example.com,001-308-302-4721
96,Robin,Morales,patrickstanley@example.org,(997)218-7122
97,Raymond,Ho,jgardner@example.net,656.547.0881
98,Kevin,Jones,lawrencedavid@example.org,523.299.9136x79299
99,Amanda,Davis,nicole28@example.net,(894)350-3146x335
100,Monique,Joseph,pyang@example.com,374-845-8258x1046
